id,prompt,schedule,tags
111,A baker pulling freshly baked bread out of an oven in a bakery.,"['A baker pulls golden loaves from a stone oven.', 'A baker pulls crusty loaves from a stone oven in a sunlit bakery. Sunlight illuminates wooden interiors and shadows countertops. The aroma of bread fills the space.', 'A skilled baker pulls golden loaves from a stone oven in a sunlit bakery. Sunlight lights up the wooden interiors and casts shadows on flour-dusted countertops. The aroma of fresh bread fills the space.', 'A skilled baker pulls golden, crusty loaves of bread from a stone oven in a sunlit bakery. Warm sunlight streams through windows, illuminating the wooden interiors and casting shadows on flour-dusted countertops. The aroma of freshly baked bread fills the inviting space.', 'A skilled baker carefully pulls golden, crusty loaves of freshly baked bread from a rustic, stone oven in a charming, sunlit bakery. Warm sunlight streams through large windows, illuminating the cozy wooden interiors and casting gentle shadows on the flour-dusted countertops. The aroma of freshly baked bread fills the inviting space.']","Action Relation,Attribute,Scene,Spatial Relation"
111,A photographer capturing a fleeting moment in a vibrant city street.,"['A photographer captures a moment on a city street with neon lights and a lively backdrop.', 'A photographer captures a dynamic moment on a city street with neon reflections and busy pedestrians.', 'A skilled photographer captures a fleeting moment on a bustling city street. Neon lights reflect on wet pavement as pedestrians weave through and shops line the sidewalks.', 'A skilled photographer capturing a dynamic moment on a bustling city street. Vivid neon lights reflect on wet pavement, with pedestrians and bustling shops in a lively urban setting.', 'A skilled photographer capturing a dynamic, fleeting moment on a bustling, colorful city street, where vivid neon lights cast vibrant reflections on the wet pavement, pedestrians weave through the scene, and bustling shops line the sidewalks, setting a lively urban backdrop filled with energy and movement.']","Action Relation,Attribute,Scene"
111,A gardener tending to flowers in a greenhouse filled with sunlight.,"['A gardener tending colorful flowers in a greenhouse.', 'A gardener in a sunlit greenhouse with colorful flowers and organized plants.', 'A gardener in a sun-drenched greenhouse with colorful flowers, illuminated foliage, and organized plants.', 'A devoted gardener in a sun-drenched greenhouse tending to a vibrant array of colorful flowers. Golden rays illuminate lush foliage and organized plants, creating a serene and harmonious scene.', 'A devoted gardener carefully tending to a vibrant array of colorful flowers in a sun-drenched greenhouse, where golden rays illuminate lush foliage and meticulously organized plants. The serene atmosphere is enhanced by the play of light and shadow, creating a tranquil and harmonious scene of dedicated horticultural work.']","Action Relation,Scene"
111,A man shaping clay on a wheel in a cluttered workshop.,"['An artisan shapes clay on a pottery wheel.', 'An artisan shapes clay on a wheel in a workshop with tools and pottery.', 'An artisan shapes clay on a wheel in a workshop with tools, glazes, and pottery in warm light.', 'An artisan shapes clay on a pottery wheel in a textured workshop with tools and pottery, bathed in warm light through dusty windows.', 'A skilled artisan meticulously shaping clay on a spinning pottery wheel in a bustling, textured workshop. The room is alive with scattered tools, shelves of glazes, and unfinished pottery pieces, bathed in warm, natural light streaming through dusty windows, casting dynamic shadows across the clay-covered surfaces.']","Action Relation,Attribute,Scene,Spatial Relation"
111,"A crystal tree shimmering under a twilit, starry sky.","['A crystal tree glistens under a twilit sky with stars.', 'A crystal tree sparkles against an indigo sky with stars, creating a mystical aura.', 'A crystal tree with translucent branches sparkles under a starry twilit sky, creating a mystical aura.', 'A majestic crystal tree glistens with enchanting light under a serene twilit sky, abundant with twinkling stars. Its translucent branches sparkle against the deep indigo backdrop, creating a mystical aura.', 'Enhanced Prompt: A majestic crystal tree glistens with enchanting light under a serene twilit sky, abundant with twinkling stars. Its translucent branches sparkle against the deep indigo backdrop, creating a mystical aura. The atmosphere is tranquil, illuminated by the ethereal glow of the celestial scene, reflecting beauty and wonder.']","Action Relation,Attribute,Scene"
111,"A dragon perched majestically on a craggy, smoke-wreathed mountain.","['A dragon on a mountain.', 'A dragon with green scales on a misty mountain. Golden eyes gaze at the sky.', 'A dragon with emerald scales perched on a misty peak. Sunlight glistens off the terrain. The dragon gazes into the sky with golden eyes.', ""A majestic dragon with emerald scales perches on a smoke-wreathed mountain peak. Mist curls around its talons, sunlight glistens on the terrain. The vast sky enhances the scene's grandeur as it gazes into the horizon with golden eyes."", ""A majestic dragon with shimmering emerald scales perches regally atop a craggy, smoke-wreathed mountain peak. Wisps of mist curl around its talons, while sunlight glistens off the rugged terrain. Towering behind, a vast, cloud-streaked sky enhances the scene's grandeur as the dragon gazes into the distant horizon with piercing golden eyes.""]","Action Relation,Attribute,Scene,Spatial Relation"
111,"A fairy dancing lightly atop a blooming, moonlit flower.","['A fairy twirls atop a flower in moonlight.', 'A fairy dances on a glowing flower in moonlight. Her wings shimmer, creating play of light and shadow.', 'A fairy twirls on a blooming flower in soft moonlight. Petals glow, shadows cast. Her wings shimmer with colors, creating harmony.', 'A delicate fairy twirls atop a blooming flower, bathed in soft moonlight. The petals glow with ethereal luminescence, casting gentle shadows. Her gossamer wings shimmer with iridescent hues, creating a harmonious interplay of light and shadow in the serene, mystical setting.', 'A delicate fairy twirls gracefully atop a blooming flower, bathed in soft moonlight. The petals glow with ethereal luminescence, casting gentle shadows. Her gossamer wings shimmer with iridescent hues, creating a harmonious interplay of light and shadow in the serene, mystical setting. A scene of enchanting elegance and delicate balance.']","Action Relation,Attribute,Spatial Relation"
111,"A phoenix soaring above a city, aglow with golden flames.","['A phoenix with flames flies over a city at twilight.', 'A glowing phoenix flies over city buildings at dusk. Its wings cast a warm glow.', 'A golden-flamed phoenix soars above a cityscape at twilight, reflecting its brilliance. Its wings cast a warm glow.', 'A majestic phoenix, with feathers of golden flames, soars over a city at twilight. The buildings reflect its fiery brilliance, creating contrast. Its wings spread wide, casting a warm glow.', ""A majestic phoenix, its feathers ablaze with radiant golden flames, gracefully soars over a sprawling urban cityscape at twilight. The buildings below, silhouetted against the dusky sky, reflect its fiery brilliance, creating a breathtaking contrast. The fiery creature's wings spread wide, casting a warm, luminescent glow across the scene.""]","Attribute,Part Relation,Scene,Spatial Relation"
111,"A ghostly ship sailing on a fog-shrouded, moonlit sea.","['A ghostly ship in a foggy sea.', ""A ghostly ship with spectral sails in fog. Moonlight shows ship's wood and crew."", 'A ghostly ship with spectral sails glides in fog. Moonlight illuminates weathered wood and crew, contrasting mist and reflections.', 'A ghostly, ethereal ship glides across a fog-shrouded sea with spectral sails. Moonlight casts an eerie glow, illuminating the ship’s weathered wood and phantom crew, contrasting the mist and water reflections.', 'A ghostly, ethereal ship glides silently across a fog-shrouded sea, its spectral sails billowing against a chilling night breeze. The moonlight casts an eerie silver glow, illuminating the ship’s weathered wood and phantom crew, creating a haunting contrast against the thick, enveloping mist and shimmering water reflections.']","Action Relation,Attribute,Scene"
111,"A sorcerer's hat casting shadows over a cluttered, enchanted desk.","[""A sorcerer's hat casts shadows over a desk."", 'A mystical hat casts shadows on a desk with scrolls, candles, and vials, creating magic.', ""A sorcerer's hat with celestial symbols casts shadows on a desk with scrolls, candles, and vials in dim light."", ""A mystical sorcerer's hat, adorned with celestial symbols, casts intricate shadows over an enchanted desk. The desk has ancient scrolls, flickering candles, and shimmering vials, creating a magical atmosphere with dim lighting highlighting the scene's mystical charm and mysterious aura."", ""A tall, mystical sorcerer's hat, adorned with celestial symbols, casts intricate shadows over a cluttered, enchanted desk. The desk is strewn with ancient scrolls, flickering candles, and shimmering vials, creating a magical atmosphere with dim, ambient lighting highlighting the scene's mystical charm and mysterious aura.""]","Action Relation,Attribute,Spatial Relation"
111,A pair of winged boots resting on a cloud in the sky.,"['Winged boots with golden feathers on a cloud.', 'Winged boots with gold feathers on a fluffy cloud in a blue sky. Sunlight reflects off the leather.', 'Intricately detailed winged boots with shimmering golden feathers on a cumulus cloud in a clear sky. Sunlight glints off the polished leather.', 'Intricately detailed winged boots with shimmering golden feathers rest atop a soft cumulus cloud in a clear azure sky. Sunlight glints off the polished leather, casting reflections against the blue backdrop. The arrangement exudes otherworldly serenity.', 'A pair of intricately detailed winged boots, with shimmering golden feathers, rest gently atop a soft, fluffy cumulus cloud in a clear azure sky. Sunlight glints off the polished leather, casting subtle reflections against the blue backdrop. The whimsical arrangement exudes a sense of otherworldly serenity.']","Attribute,Scene,Spatial Relation,Counting"
111,A mirror is speaking in a dimly lit room.,"['A mirror with ornate golden frames in a dim room.', 'A vintage mirror with golden frames seems to speak in a dim room.', 'A vintage mirror with ornate golden frames appears to speak. Shadows dance as its surface shimmers in a dim room.', 'In a dimly lit room, a vintage mirror with ornate golden frames appears to be speaking. Soft shadows dance around as its reflective surface shimmers. Antique decor enhances the mysterious and captivating atmosphere.', 'In a dimly lit room, a vintage mirror with ornate golden frames appears to be speaking. Soft shadows dance around as its reflective surface shimmers mysteriously. The ambiance is moody and intriguing, with hints of antique decor enhancing the mysterious and captivating atmosphere of the scene.']","Attribute,Scene"
111,An ice castle standing proudly in the midst of a blizzard.,"['An ice castle with icicles in a blizzard.', 'A majestic ice castle with spires and icicles amid a blizzard. Snowflakes swirl, creating a mystical aura.', 'A tall ice castle with intricate patterns and icicles in a blizzard. Snowflakes swirl, creating a mystical aura. The translucent walls shimmer in the storm.', ""A majestic ice castle gleaming with intricate patterns amid a fierce blizzard, with towering spires and delicate icicles. Snowflakes swirl around, creating a mystical aura. The castle's translucent walls shimmer faintly in the stormy twilight, exuding an ethereal and regal presence."", ""A majestic ice castle gleaming with intricate patterns rises amid a fierce blizzard, its towering spires covered in delicate icicles. Snowflakes swirl around, creating a mystical aura. The castle's translucent walls shimmer faintly in the stormy twilight, exuding an ethereal and regal presence in the heart of the winter tempest.""]","Attribute,Scene,Spatial Relation"
111,A potion bubbling brightly inside a cauldron in a shadowy nook.,"['A potion glows in a cauldron, illuminating a nook.', 'A glowing potion bubbles in a carved cauldron in a dimly-lit nook. Shelves of ingredients and cobwebs create a mystical atmosphere.', 'A vibrant potion bubbles in an ancient cauldron, casting a glow in a shadowy nook. Shelves with ingredients and cobwebs enhance the mystical ambiance.', 'A vibrant potion bubbles energetically in an intricately carved ancient cauldron, casting a luminous glow within a shadowy, dimly-lit nook. The cauldron reflects flickering lights, enhancing the mysterious ambiance. Shelves of ingredients and cobwebs adorn the corners, creating a mystical atmosphere.', ""A vibrant gleaming potion bubbles energetically inside an intricately carved ancient cauldron, casting a luminous glow within a shadowy, dimly-lit nook. The cauldron's metallic surface reflects flickering lights, enhancing the mysterious ambiance. Shelves of assorted mystical ingredients and cobwebs adorn the dark corners, creating an enchanting, mystical atmosphere.""]","Attribute,Scene,Spatial Relation"
111,A book with glowing runes floating beside a mystic crystal.,"['A floating book with glowing runes and a crystal.', 'A book with glowing runes floats next to a crystal, casting colors.', 'A leather-bound book with runes glows beside a crystal, refracting colors.', ""A leather-bound book with glowing runes floats next to a shimmering crystal. The crystal refracts colors, creating an enchanting aura. Intricate book designs blend with the crystal's facets."", ""A leather-bound book adorned with luminescent runes floats effortlessly beside a shimmering mystic crystal, each rune casting a soft ethereal glow. The crystal refracts vibrant colors, creating an enchanting aura that envelops the scene. The intricate designs on the book's cover blend seamlessly with the crystal's mesmerizing facets.""]","Attribute,Part Relation,Spatial Relation"
111,A celestial comet racing across a star-studded sky.,"['A comet with a light tail races across a starry sky.', 'A comet glows, racing across a starry sky. Stars twinkle like diamonds.', 'A glowing comet with a shimmering tail races across a starry sky. Twinkling stars highlight its journey.', ""A brilliant comet with a shimmering tail races across a star-studded night sky, illuminating the heavens. Stars twinkle against the blackness, highlighting the comet's journey."", ""Prompt: A brilliant celestial comet trails a shimmering tail of light as it races across a vast, star-studded night sky, illuminating the heavens with an ethereal glow. The stars twinkle like diamonds against the deep, velvety blackness, highlighting the comet's swift and majestic journey through the cosmos.""]","Action Relation,Attribute,Scene"
111,A mermaid singing softly near a coral throne undersea.,"['A mermaid sings by a coral throne. Fish illuminate her hair.', 'A mermaid sings by a coral throne. Fish light her hair in the turquoise water.', 'A graceful mermaid sings near a coral throne. Bioluminescent fish illuminate her hair. Vibrant coral creates an enchanting scene.', 'A graceful mermaid with shimmering scales sings near an ornate coral throne. Bioluminescent fish illuminate her hair and serene expression. Vibrant coral forms a majestic backdrop in the turquoise waters, creating an enchanting and ethereal scene.', 'A graceful mermaid with shimmering scales sings softly near an ornate coral throne, her melodious voice echoing through the tranquil undersea realm. Bioluminescent fish dart past, illuminating her flowing hair and serene expression, as vibrant coral forms a majestic backdrop in the turquoise waters, creating an enchanting and ethereal scene.']","Attribute,Scene,Spatial Relation"
111,"A goblin trading shiny trinkets in a hidden, mystical market.","['A goblin trades magical trinkets at a mystical market.', 'A goblin trades magical trinkets at a vibrant hidden market. Magical lights illuminate the path.', 'A goblin trades enchanted trinkets at a bustling market with magical lights and whispers of mythical creatures.', 'A goblin trades shimmering enchanted trinkets at a hidden bustling mystical market. Vibrant displays, mysterious artifacts, and colorful magical lights illuminate the cobblestone path, creating an enchanting atmosphere with whispers and enchanting sounds from mythical creatures.', 'A cunning goblin eagerly trades shimmering, enchanted trinkets with curious customers in a hidden, bustling mystical market. The scene is alive with vibrant displays, mysterious artifacts, and colorful magical lights illuminating the cobblestone path, creating an enchanting atmosphere. The market buzzes with whispers and enchanting sounds from diverse mythical creatures.']","Action Relation,Attribute,Scene"
111,"A unicorn grazing peacefully in a radiant, rainbow-lit glade.","['A unicorn grazes in a glade with a shimmering mane.', 'A unicorn in a glade, shimmering mane under sunlight. Vibrant colors enhance the scene.', 'A unicorn in a serene glade, shimmering mane reflects rainbow lights. Sunlight filters through the canopy.', 'A magical unicorn grazes in a serene glade, shimmering mane reflecting rainbow lights. Sunlight filters through the canopy, enhancing the scene.', 'A magical unicorn gently grazes in a serene glade, its shimmering mane reflecting vibrant rainbow lights that dance across the lush greenery. The enchanting atmosphere is illuminated by soft beams of sunlight filtering through the canopy, creating a harmonious blend of colors that enhance the beauty of this mythical scene.']","Action Relation,Attribute,Scene"
111,A magical quill writing tales by itself on an empty scroll.,"['A magical quill on an empty scroll.', 'A glowing quill writes on a scroll under candlelight.', 'A magical quill writes tales on an empty scroll. Candlelight creates flickering shadows.', 'A glowing quill dances on an empty scroll, writing magical tales. The parchment on an ancient desk, lit by candlelight, creates shifting shadows.', 'A glowing, enchanted quill dances gracefully on an aged, empty scroll, its luminescent tip swirling vigorously as it writes intricate, magical tales. The parchment lies unfurled on an ancient wooden desk, illuminated by soft candlelight, creating shadows that flicker and shift with every stroke of the quill.']","Action Relation,Attribute,Spatial Relation"
111,A lantern casting dim light in a haunted forest.,"['A lantern hangs in a misty forest.', 'A lantern in a misty forest casts a flickering glow.', 'A lantern hangs from a branch, casting light on roots and shadows in a misty forest.', 'In a haunted forest, a lantern hangs from a tree, casting an eerie glow on twisted roots and shadows, enhancing the supernatural atmosphere.', 'In a haunted forest shrouded in mist, a vintage metal lantern hangs from a gnarled tree branch, casting an eerie, flickering glow on twisted roots and shadowy forms. The dim light barely pierces the thick fog, creating mysterious silhouettes and enhancing the unsettling atmosphere of the supernatural landscape.']","Action Relation,Attribute,Scene"
111,A cloak of invisibility draped over a chair in a secretive chamber.,"['A cloak of invisibility on a chair in a dim chamber.', 'A cloak on a chair in a dim room with moonlight.', 'A translucent cloak on an ornate chair in a dim room, moonlight creating intrigue.', 'A mystical cloak draped over an ornate chair in a dimly lit chamber. Moonlight filters through a window, creating an atmosphere of intrigue.', 'A mystical, translucent cloak of invisibility gracefully draped over an ornate, antique chair in a dimly lit, secretive chamber. Soft beams of moonlight filter through a narrow window, casting subtle shadows across the room, creating an atmosphere of enigmatic intrigue and hidden potential.']","Scene,Spatial Relation"
111,A genie's lamp emitting wisps of smoke on a sandy dune.,"[""A genie's lamp releasing smoke on a sandy dune."", ""A lamp on a dune at twilight releasing smoke. The smoke dances in the sun's glow, creating a mystical atmosphere."", ""An ornate lamp on a golden sandy dune at twilight. Smoke wisps dance through the sun's glow, creating an enchanting atmosphere."", ""An ornate genie's lamp on a sandy dune at twilight releases wisps of smoke. The smoke intertwines with the sun's glow, creating a mystical atmosphere in the desert."", ""An ornate genie's lamp, intricately detailed, resting atop a golden sandy dune bathed in twilight hues, releases ethereal wisps of smoke that dance gracefully through the air, intertwining with the soft glow of the setting sun, creating an enchanting and mystical atmosphere amidst the vast desert landscape.""]","Action Relation,Scene,Spatial Relation"
111,An enchanted broom sweeping in a wizard's lofty chamber.,"[""A wizard's room with books and glowing orbs. A broom sweeps the floor."", ""A wizard's chamber with ancient books and glowing orbs. A broom sweeps. Candle shadows dance on walls with symbols and artifacts."", ""In a wizard's room, ancient tomes and glowing orbs fill the space. A broom sweeps the marble floor. Candlelight casts dancing shadows on symbol-adorned walls."", ""A grand wizard's chamber with ancient tomes and glowing orbs. An enchanted broom sweeps the marble floor. Flickering candlelight casts dancing shadows on walls with arcane symbols and artifacts."", ""In a grand wizard's lofty chamber filled with ancient tomes and glowing orbs, an enchanted broom gracefully sweeps across the polished marble floor. The room is illuminated by flickering candlelight, casting dancing shadows on the walls adorned with arcane symbols and mystical artifacts.""]","Action Relation,Attribute,Scene"
111,A cat pounces on a rolling ball.,"['A tabby cat jumps at a red ball on the floor.', 'A lively tabby cat jumps at a rolling red ball on the floor, sunlight shines.', 'A tabby cat with sleek fur pounces at a red ball rolling on the hardwood floor, sunlight creates shadows.', ""A lively tabby cat with sleek fur pounces mid-air towards a red ball rolling across a hardwood floor, sunlight streaming in through a window, casting shadows and enhancing the scene's warmth."", ""A lively tabby cat with sleek fur energetically pounces mid-air towards a vibrant red ball rolling swiftly across a hardwood floor, sunlight streaming in through a nearby window, casting dynamic shadows and enhancing the scene's motion and visual warmth.""]","Action Relation,Attribute,Spatial Relation"
111,A young man tastes a simmering soup.,"['A young man tastes soup at a table.', 'A young man tastes steaming soup, leaning over a table. His expression shows anticipation. The kitchen is cozy.', 'A young man tastes aromatic soup, leaning over a table. Steam envelops his face. The kitchen is cozy and inviting.', 'A young man attentively tastes simmering, aromatic soup, leaning over a rustic wooden table. Steam rises from the pot, enveloping his face with a warm glow. His expression is one of eager anticipation, and the kitchen is filled with a cozy ambiance.', 'A young man attentively tastes a simmering, aromatic soup, leaning over a rustic wooden table. Steam rises gracefully from the pot, enveloping his face with a warm glow. His expression is one of eager anticipation, and the kitchen around him is filled with a cozy ambiance, adding to the inviting atmosphere.']","Action Relation,Attribute"
111,A girl dabs paint on a mural.,"['A girl paints a mural.', 'A girl applies vibrant paint to a mural.', 'A girl paints a mural with vibrant colors, each stroke transforming the wall.', 'A young girl delicately applies vibrant paint to a mural, each stroke contributing to the masterpiece and highlighting her interaction with the canvas.', 'A young girl delicately applies vibrant paint to an expansive mural, her brush poised with precision. The vivid splashes of color transform the wall, each stroke contributing to the unfolding masterpiece. The scene captures the dynamic relationship between the artist and her canvas, highlighting the transformative spatial interaction.']","Action Relation,Spatial Relation"
111,A dancer twirls in a spotlight.,"['A dancer twirls under a spotlight, her silhouette visible on the dim stage.', 'A dancer twirls gracefully under a spotlight, her silhouette outlined on the dim stage. Her flowing costume moves with her.', 'A dancer performs a flawless twirl under a bright spotlight. Her silhouette is elegantly outlined on a dim stage, with her costume flowing harmoniously.', 'A graceful dancer executes a flawless twirl under a brilliant spotlight, her silhouette elegantly outlined against a dimly lit stage. The soft, flowing fabric of her costume creates a captivating visual as it moves in harmony with her spinning form.', 'A graceful dancer executes a flawless twirl under a brilliant spotlight, her silhouette elegantly outlined against a dimly lit stage. The soft, flowing fabric of her costume creates a captivating visual as it moves in harmony with her spinning form, capturing the essence of her skillful performance.']","Attribute,Scene"
111,A boy leaps over a hurdle.,"['A boy jumping over a hurdle.', 'A boy leaping over a hurdle on a clear day.', 'A young boy leaping gracefully over a hurdle. Muscles tense, focused face shows determination.', 'A young boy in mid-air, athletic and determined, leaping over a hurdle on a bright, clear day. Tension in his muscles and focused expression show movement and dynamism.', 'A dynamic scene capturing a young boy in mid-air, athletic and determined, gracefully leaping over a hurdle on a bright, clear day. The action is emphasized by the tension in his muscles and the focused expression on his face, creating a sense of movement and spatial dynamism.']","Action Relation,Spatial Relation"
111,An old person snips a blooming rose.,"['An elderly person snips a rose.', 'An elderly person gently cuts a rose in sunlight. Lush foliage surrounds them.', 'An elderly person with weathered hands snips a blooming rose in soft sunlight. Lush foliage surrounds them, creating a nostalgic garden moment.', 'An elderly person with weathered hands and a gentle demeanor snips a vibrant rose, surrounded by lush foliage. Soft sunlight casts a golden hue, enhancing the serene and nostalgic garden atmosphere.', 'An elderly person, with weathered hands and gentle demeanor, precisely snips a vibrant, blooming rose, surrounded by lush, verdant foliage. The soft sunlight filters through, casting a warm, golden hue over the delicate petals, enhancing the serene and nostalgic atmosphere of this peaceful garden moment.']","Action Relation,Attribute"
111,A man kneads dough on a table.,"['A man kneads dough on a wooden table in a lit kitchen.', 'A man kneads a ball of dough on a wooden table in sunlit kitchen.', 'A man skillfully kneads dough on rustic table. Sunlight casts shadows, enhancing artisanal feel.', 'A focused man skillfully kneads a large ball of dough on a rustic wooden table, in a warmly lit kitchen. Sunlight casts gentle shadows, enhancing the artisanal atmosphere.', 'A focused man skillfully kneads a large, elastic ball of dough on a rustic wooden table, hands rhythmically pressing and folding the dough, in a warmly lit kitchen. Sunlight streams through a window, casting gentle shadows on the table surface, enhancing the intimate, artisanal atmosphere of the scene.']","Action Relation,Spatial Relation"
111,A person types on an old typewriter.,"['A person types on a vintage typewriter in a dimly lit room.', 'A focused person types on a vintage typewriter. The room is dimly lit with antique decor.', 'A middle-aged person types on a vintage typewriter. Their focus and the dimly lit room with antique decor create nostalgia.', 'A middle-aged person attentively types on a vintage typewriter. Their focused expression and the dimly lit room with antique decor enhance the nostalgic ambiance.', ""A middle-aged person attentively types on a vintage typewriter, its intricate keys clicking rhythmically. The person's focused expression and deliberate hand movements convey a deep connection to their craft. The dimly lit room, filled with antique decor, enhances the nostalgic ambiance and timeless quality of this passionate writing scene.""]","Action Relation,Attribute"
111,A dog tunes a violin.,"['A dog tunes a violin in a music studio.', 'A clever dog tunes a violin, focused on the task in a warm-lit music studio.', 'An intelligent dog tunes a violin in an elegant studio, its eyes show connection to the instrument.', 'A whimsical scene where a dog expertly tunes a violin, its paws adjusting strings in an elegant music studio with warm lighting.', ""A whimsical scene where an intelligent dog expertly tunes a violin, its paws skillfully adjusting the strings with surprising dexterity. The dog's eyes focus intently, reflecting a deep connection to the instrument. The setting is an elegant music studio bathed in soft, warm lighting, highlighting the delicate craftsmanship of the violin.""]",Action Relation
111,A woman examines a diamond.,"['A gemologist examines a diamond.', 'A gemologist holds a diamond under a loupe. She focuses on its facets and sparkle.', 'A gemologist uses a loupe to scrutinize a diamond. Her focus highlights its clarity and sparkle.', 'A professional gemologist meticulously examines a brilliant-cut diamond under a magnifying loupe, her focused eyes capturing its dazzling facets and pristine clarity, showcasing expert appraisal elegance.', ""A professional gemologist meticulously scrutinizes a brilliant-cut diamond, her hands gently holding the gemstone under a magnifying loupe. Her focused eyes reflect intricate facets glinting with dazzling light, highlighting the stone's pristine clarity and luxurious sparkle. The scene embodies the elegance and precision of expert gem appraisal.""]",Action Relation
111,A small cat waves a wand.,"['A cat waves a wand in a forest with golden light.', 'A cat waves a wand in a forest, casting a golden light spell. The forest is lush with sunlight.', 'A whimsical cat waves a shimmering wand in an enchanted forest, casting a spell with sparkling golden light amidst sunlight.', 'A whimsical cat waves a shimmering wand in an enchanted forest, casting a spell with a sparkling trail of golden light, creating wonder amidst the lush greenery and dappled sunlight.', 'A small, whimsical cat energetically waves a shimmering wand in a magical, enchanted forest, casting a spell with a vibrant, sparkling trail of golden light that dances through the air, creating a sense of wonder and excitement amidst the lush greenery and dappled sunlight filtering through the trees.']","Action Relation,Attribute"
111,A boy spots a colorful bird.,"['A boy sees a colorful parrot on a tree.', 'A boy excitedly spots a parrot on a blooming tree branch at sunset.', ""A boy with wide eyes sees a colorful parrot on a blooming tree branch at sunset. The sunset highlights the bird's plumage against the green leaves."", 'A curious boy, with wide eyes, excitedly spots a vibrant parrot perched on a blooming tree branch. The setting sun highlights its plumage, creating contrast with the green foliage.', ""A curious young boy, with wide eyes, excitedly spots a vibrant, multicolored parrot perched gracefully on a blooming tree branch. The setting sun casts a warm, golden hue, accentuating the bird's dazzling plumage and creating a harmonious contrast with the lush, green foliage surrounding them.""]","Action Relation,Attribute"
111,A sailor hoists a sail.,"['A sailor hoists a sail against a sunset.', 'A sailor lifts a sail at sunset, casting shadows on deck.', 'A sailor, resolute and expert, lifts a canvas sail at sunset. Golden light and shadows highlight the rigging.', 'A seasoned sailor hoists a billowing sail against a vibrant sunset. Golden light casts shadows on the deck, highlighting the intricate rigging. Determination and expertise are on the sailor’s face.', 'A seasoned sailor, weathered and resolute, hoists a billowing canvas sail against a vibrant sunset. The scene is bathed in golden light, casting dramatic shadows on the deck and highlighting the intricate rigging. Determination and expertise are etched on the sailor’s face, capturing a moment of maritime precision.']",Action Relation
111,A bird nocks an arrow.,"['A bird with vivid feathers aims an arrow.', 'A bird on a branch aims an arrow as sun casts a warm glow.', 'A bird with vibrant feathers on a branch nocks an arrow, sunset glow highlighting its eyes on target.', 'A majestic bird with vibrant plumage nocks an arrow on a sturdy branch. The setting sun casts a warm glow on its focused eyes, embodying elegance and strength.', 'A majestic bird, equipped with vibrant plumage, gracefully nocks an arrow with keen precision, wings slightly spread as it balances delicately on a sturdy branch. The setting sun casts a warm, golden glow, highlighting the bird’s sharp eyes focused intently on its target, embodying both elegance and strength in action.']",Action Relation
111,A cat basking in the sunlight by a window.,"['A cat lounging in sunbeam.', 'A glossy cat lounges in sunbeam by window with lace curtains, garden visible.', 'A glossy-furred cat lounges in a sunbeam by a window with lace curtains, garden visible.', 'A sleek, glossy-furred cat lounges in a warm sunbeam through a window with lace curtains, garden visible beyond. Sunlight highlights the serene expression and posture.', 'A sleek, glossy-furred cat lounging contentedly in a warm, golden sunbeam streaming through a large window. The window is framed by delicate lace curtains, and beyond, a lush garden is faintly visible. Sunlight casts soft shadows, highlighting the serene expression and elegant posture of the resting cat.']","Action Relation,Attribute,Spatial Relation"
111,A red bicycle parked against a brightly painted wall.,"['A red bicycle parked against a colorful wall.', 'A red bicycle with a shiny frame against a colorful wall, casting shadows.', 'A red bicycle with a sleek frame against a brightly painted wall, casting shadows in soft light.', 'A vibrant red bicycle with a sleek frame is parked against a brightly painted wall, casting intricate shadows in soft light and reflecting gleams.', ""A vibrant red bicycle with a sleek frame is parked against a brightly painted wall, displaying a dynamic blend of bold colors, casting intricate shadows in soft, natural light, creating a striking visual contrast. The bicycle's shiny metallic parts reflect subtle gleams, enhancing the overall richness of the scene.""]","Action Relation,Attribute,Spatial Relation"
111,A teapot steaming gently on a rustic kitchen table.,"['A ceramic teapot with steam on a table.', 'A vintage teapot with floral designs, steaming on a wooden table in morning light.', 'A vintage ceramic teapot with floral patterns releases steam on a wooden table. Morning light casts shadows and adds warmth.', 'A vintage ceramic teapot with intricate floral patterns emits steam, sitting on a wooden table. Morning light streams in, casting shadows and creating a warm ambiance.', 'A vintage ceramic teapot, adorned with intricate floral patterns, emits gentle wisps of steam, gracefully twisting into the air. It sits on a weathered, wooden kitchen table, surrounded by soft morning light streaming through a nearby window, casting delicate shadows and creating a warm, inviting ambiance.']","Attribute,Spatial Relation"
111,Old boots resting on a muddy trail in the woods.,"['Rugged boots on a muddy forest trail.', 'Boots on a muddy trail, caked with earth and leaves, surrounded by trees.', 'Rugged boots on a muddy trail, covered with mud and leaves. Sunlight filters through trees.', 'Worn boots on a muddy forest trail, caked with earth and leaves. Sunlight filters through trees, evoking solitude and wilderness.', 'Worn, rugged boots discarded on a dense, muddy forest trail, their surfaces caked with earth and leaves, surrounded by towering trees and dappled sunlight filtering through the foliage, casting intricate shadows on the ground, evoking a sense of solitude and wilderness.']","Action Relation,Attribute,Scene"
111,A yellow taxi waiting outside a modern glass building.,"['A taxi in front of a glass building.', 'A yellow taxi in front of a glass building, reflecting in windows.', 'A sleek yellow taxi idles in front of a glass building. The taxi reflection glimmers on windows, showing a contrast.', 'A sleek yellow taxi idles in front of a modern glass building, sunlight glinting off its surface. Its reflection glimmers in the windows, capturing dynamic interplay between architecture and urban transit.', 'A sleek yellow taxi idles gracefully in front of a towering modern glass building, sunlight glinting off its pristine surface. The reflection of the taxi glimmers in the building’s expansive windows, creating a harmonious juxtaposition. The scene captures the dynamic interplay between architecture and urban transit, full of vibrant energy and contrast.']","Action Relation,Attribute,Spatial Relation"
111,"An armchair with a knit blanket draped over it, next to a fireplace.","['An armchair with a blanket near a fireplace.', 'An armchair with a knit blanket near a stone fireplace. Warm glow shows fabric patterns.', 'An armchair adorned with a knit blanket sits by a roaring stone fireplace. Warm glow highlights fabric patterns.', 'A cozy armchair with a knit blanket draped over it sits near a roaring stone fireplace. Warm glow highlights the fabric patterns, casting soft shadows.', 'A cozy armchair adorned with a textured knit blanket casually draped over its back, sits in intimate proximity to a roaring stone fireplace. The warm flickering glow highlights the intricate fabric patterns, casting soft shadows in the ambient, inviting setting.']","Part Relation,Spatial Relation"
111,A colorful mural of a bird adorning a city alley.,"['A colorful mural of a bird in a city alley.', 'A vibrant bird mural with intricate patterns in a city alley.', 'A vibrant, detailed mural of a bird with intricate patterns enlivens a city alley, contrasting with brick walls.', 'A vibrant, intricately detailed mural of a majestic bird with radiant plumage and patterns graces a bustling city alley, contrasting with the brick walls.', ""A vibrant, intricately detailed mural of a majestic bird with radiant plumage, adorned with intricate patterns, graces a bustling city alley. The mural's vivid colors and dynamic design bring life to the urban scene, creating a captivating visual contrast with the surrounding brick walls and bustling atmosphere.""]","Attribute,Scene"
111,An old lantern swaying from a tree branch in a foggy forest.,"['A lantern hangs from a tree, casting light through fog.', 'A lantern sways on a tree, lighting fog. Shadows highlight bark and leaves.', 'A lantern sways from a tree, casting flickering light in fog. Shadows highlight bark and leaves in moonlight.', 'A lantern sways from a tree branch, casting flickering light through fog. Shadows highlight ancient bark and leaves in moonlight.', 'A weathered lantern gently sways from a gnarled tree branch, casting flickering light through tendrils of dense, swirling fog in a mystical forest. The soft glow penetrates the mist, creating ethereal shadows and highlighting the texture of ancient bark and fallen leaves under the pale moonlight.']","Action Relation,Attribute,Scene"
111,A garden path lined with glowing stones under a twilight sky.,"['A garden path with glowing stones.', 'A garden path weaves through greenery. Glowing stones light the path. Pink and purple twilight sky with breeze.', 'A serene garden path through lush greenery. Luminescent stones glow. Pink and purple twilight sky. Breeze rustles leaves.', 'A serene garden path weaves through lush greenery. Luminescent stones softly glow, casting enchanting light. The twilight sky is warm with pink and purple hues. A gentle breeze rustles leaves, enhancing the tranquil, magical atmosphere.', 'A serene garden path gracefully weaves through lush greenery, adorned with luminescent stones that softly glow, casting an enchanting light. The twilight sky above is painted in warm hues of pink and purple, while a gentle breeze rustles the nearby leaves, enhancing the tranquil, magical atmosphere.']","Attribute,Scene"
111,A grand fountain surrounded by historic buildings in a town square.,"['A fountain with water surrounded by old buildings.', 'A marble fountain with water, old buildings around. Cobblestone, flowers, and people make a lively square.', 'A carved marble fountain with water, surrounded by historic buildings. Cobblestone, blooms, and people create a lively square.', 'A majestic marble fountain with cascading water, surrounded by historic buildings. In a sunlit town square with cobblestone paths, blooming flowers, and pedestrians, the scene has a charming European ambiance.', 'A majestic, intricately carved marble fountain with cascading water, surrounded by ornate, centuries-old historic buildings, adorned with classic architectural details. Set in a bustling, sunlit town square with cobblestone pathways, blooming flower beds, and lively pedestrians, the scene exudes a charming, timeless European ambiance.']","Attribute,Scene,Spatial Relation"
111,A cavern lit by shafts of light revealing hidden underground pools.,"['Light in a cave with pools.', 'Light in a cave hits pools. Water reflects on walls. Stalactites hang. Water droplets echo.', 'Light in a cave illuminates pools. Water reflects on walls. Stalactites hang. Water droplets create an enchanting oasis.', 'Light pierces a cave, illuminating pools. Crystalline water reflects on walls, revealing stalactites. Water droplets echo, creating an enchanting oasis.', 'In a mystic cavern, mesmerizing shafts of light pierce through the darkness, illuminating ethereal underground pools. The crystalline water reflects shimmering patterns on the rugged cave walls, revealing hidden stalactites hanging above. The serene ambiance is enhanced by the gentle echo of distant water droplets, creating an enchanting subterranean oasis.']","Attribute,Scene"
111,Boats laden with fruits floating on a river under a dual sunset.,"['Boats with tropical fruits floating on a river at sunset.', 'Vibrant boats with fruits on a river under a dual sunset. The sky is orange and purple, reflecting on the water.', 'Boats laden with colorful fruits float down a serene river at dual sunset, with fiery orange and soft purple sky reflecting on the water.', 'Vibrant boats laden with colorful tropical fruits float on a serene river. The sky, painted in fiery orange and soft purple from a dual sunset, reflects on the tranquil water, creating an enchanting atmosphere.', 'Prompt: Vibrant boats laden with colorful tropical fruits gently float down a serene river, glistening under the captivating glow of a dual sunset. The sky is painted in hues of fiery orange and soft purple, reflecting on the tranquil water, creating a picturesque and enchanting atmosphere.']","Attribute,Scene"
111,Shelves carved from tree branches in a mystical library.,"['A library with shelves made from branches and glowing books.', 'A library with branch shelves and glowing books. Light and shadows create an otherworldly mood.', 'A library with intricately carved branch shelves and glowing tomes. Light through leaves casts shadows, creating an otherworldly feel.', 'An enchanting library with shelves carved from ancient branches, lined with glowing tomes. Ethereal light filters through leaves, casting shadows on the floor, creating a serene yet otherworldly ambiance.', 'Envision an enchanting library where shelves are intricately carved from twisted, ancient tree branches, each lined with glowing, mystical tomes. Subtle, ethereal light filters through the leaf canopy above, casting dancing shadows on the worn wooden floor, creating a serene yet otherworldly ambiance.']","Attribute,Scene"
111,"Ancient buildings juxtaposed with sleek, futuristic transports.","['Old buildings and shiny futuristic transports.', 'Old buildings with carved facades near shiny futuristic transports with neon lights.', 'Old stone buildings with carved facades amid futuristic transports. Neon lights illuminate the area, blending old and new.', 'Ancient buildings with intricately carved facades stand amidst futuristic transports. Neon lights illuminate transport hubs, reflecting on the weathered architecture, blending old and new.', 'Ancient buildings with intricately carved stone facades stand amidst sleek, futuristic transports, their polished surfaces gleaming under the sun. The stark contrast is accentuated by the glowing neon lights that illuminate the transport hubs, casting vibrant reflections against the weathered architecture, creating a harmonious blend of old and new.']","Attribute,Spatial Relation"
111,"A village covered in snow, illuminated by the northern lights.","['A snow-covered village with northern lights in the sky.', 'A village under northern lights. Snow on rooftops, warm home lights create tranquility.', 'A village blanketed in snow under vibrant northern lights. Home lights enhance tranquility.', 'A village covered in pristine snow, under vibrant northern lights in a clear night sky. Home lights create a tranquil, winter scene.', 'A picturesque village blanketed in pristine snow, nestled beneath the enchanting glow of vibrant northern lights dancing across a clear, star-speckled night sky, creating a serene and magical atmosphere that reflects off the sparkling snow-covered rooftops, forming an idyllic, tranquil winter scene enhanced by the warm, inviting lights from the cozy homes.']","Action Relation,Attribute,Scene"
111,An oasis mirage with an ice palace reflecting moonlight in the desert.,"['A mirage of an ice palace in the desert.', 'A mirage of an ice palace in moonlit desert. Icy turrets glisten, reflecting on sands.', 'A shimmering mirage of an ice palace in moonlit desert. Icy turrets glisten, casting reflections on silvery sands.', ""An ethereal oasis mirage shimmers in the vast desert, revealing an ice palace in soft moonlight. The palace's icy turrets glisten, casting enchanting reflections across silvery sands."", ""An ethereal oasis mirage shimmers in the vast desert, revealing an intricate ice palace bathed in soft moonlight. The palace's icy turrets and elegant spires glisten, casting enchanting reflections across the silvery sands. A serene, dreamlike atmosphere pervades, blending the mystical desert night and the palace's ethereal glow seamlessly.""]","Action Relation,Scene"
111,An asteroid spaceport bustling with aliens and spacecraft.,"['A spaceport with aliens and spaceships.', 'A spaceport with diverse aliens and spaceships. Stars and nebulae in the background.', 'A bustling spaceport with aliens in vibrant attire and unique ships. Stars and nebulae backdrop.', 'A bustling asteroid spaceport with diverse aliens in vibrant attire and unique spacecraft. Twinkling stars and nebulae form the backdrop. The port has intricate architecture, glowing neon signs, docking bays with ships, and a lively market atmosphere.', 'A bustling asteroid spaceport teeming with diverse aliens in vibrant attire and uniquely designed spacecraft. The scene is lively, set against a backdrop of twinkling stars and nebulae. The port features intricate architecture with glowing neon signs, docking bays filled with various ships, and a lively market atmosphere.']",Scene
111,A small dog dozing in a patch of sunlight.,"['A fluffy dog sleeping on sunlit floor.', 'A dog dozing in golden sunlight on floor. Elongated shadows. Room is calm with soft colors.', 'A small dog sleeps on a sunlit patch of floor. Golden light creates elongated shadows. The room is tranquil with soft colors.', 'A small, fluffy dog peacefully dozing on a warm, sunlit patch of floor. Golden sunlight streams through a window, casting elongated shadows. The room is tranquil with serene ambiance and soft colors.', 'A small, fluffy dog peacefully dozing on a warm, sunlit patch of hardwood floor, basking in the gentle, golden afternoon sunlight streaming in through a nearby window, casting soft, elongated shadows. The room is tranquil, filled with serene ambiance and soft colors enhancing the cozy, relaxing atmosphere.']","Action Relation,Attribute,Scene"
111,A single rose growing through a crack.,"['A rose in a pavement crack.', 'A red rose in a pavement crack. Green stem reaches for light.', 'A vibrant red rose in a crack. Green stem stretches, showing resilience.', 'A vibrant red rose emerges through a crack in the pavement. Green stem reaches for light, showing resilience and beauty.', 'A solitary, vibrant rose emerges through a narrow crack in the pavement, its lush red petals contrasting against the weathered, gray stone surface. The delicate green stem stretches towards the light, capturing a sense of resilience and beauty amidst adversity.']","Action Relation,Spatial Relation"
111,A quaint bookshop.,"['A bookshop with vintage shelves and a cozy reading nook.', 'A quaint bookshop has vintage shelves, warm lighting, cozy chairs, and smells of paper and coffee.', 'A charming bookshop with vintage shelves, inviting lighting, cozy nook with plush chairs, and a scent of old paper and coffee.', 'A quaint bookshop in a cobblestone street, with vintage wooden shelves filled with leather-bound tomes, warm lighting, a cozy nook with plush chairs, and a scent of old paper and coffee.', 'A charming, quaint bookshop nestled in a cobblestone street, featuring vintage wooden shelves lined with leather-bound tomes, soft, warm lighting casting an inviting glow, a cozy reading nook with plush chairs and a small table, and a gentle scent of old paper and fresh coffee in the air.']",Attribute
111,A lone lighthouse standing guard on a rocky coastline.,"['A lighthouse stands on a rocky coast, shining in the moonlight.', 'A lighthouse towers over a rocky coast, gleaming in moonlight. Its beam guides ships through rough waters.', 'A rugged coast with a lighthouse shining under the moonlight. The beam sweeps across the sea, guiding ships.', ""A solitary lighthouse stands over a wave-battered coastline, its stone gleaming under the moon. The beam guides ships through tumultuous waters, enduring nature's elements."", ""A solitary lighthouse towers over a rugged, wave-battered coastline, its weathered stone gleaming under the moonlit sky. The powerful beam sweeps rhythmically across the dark sea, guiding ships safely through tumultuous waters. The scene is serene yet commanding, with the lighthouse steadfastly enduring nature's relentless elements.""]","Action Relation,Attribute,Scene"
111,A butterfly perched on a wildflower in a meadow.,"['A butterfly on a wildflower in a meadow.', 'A butterfly with orange and black wings on a colorful wildflower in a meadow.', 'A vibrant butterfly with orange and black wings on a wildflower in a sunny meadow.', 'A vibrant butterfly perched on a vibrant wildflower in a lush, sunlit meadow, with intricate wing details contrasting the flower’s vivid colors.', ""A vibrant butterfly delicately perched atop a vibrant wildflower in a lush, sunlit meadow. The scene captures intricate details of the butterfly's wings with hues of orange and black, contrasting with the wildflower’s vivid colors. The meadow, abundant with greenery, stretches into the background, creating a tranquil, picturesque setting.""]","Action Relation,Scene,Spatial Relation"
111,A pilot with aviator sunglasses.,"['A pilot in sunglasses stands by a jet.', 'A confident pilot with sunglasses stands in front of a jet. Uniform has golden epaulets.', 'A confident pilot with reflective sunglasses stands in front of a jet. Uniform has golden epaulets and badges.', 'A confident pilot with sleek aviator sunglasses stands in front of a jet. The sunglasses reflect clouds and sky. Uniform is crisp with golden epaulets and shining badges, conveying professionalism and authority.', ""A confident pilot with sleek aviator sunglasses, standing in front of a jet aircraft. The sunglasses reflect wispy clouds and a deep blue sky. The pilot's uniform is crisp, with golden epaulets and badges gleaming in the sunlight. The scene conveys professionalism and authority, with a dynamic and adventurous atmosphere.""]",Part Relation
111,A baker with a cherry pin on a polka dot apron.,"['A baker with an apron and cherry pin.', 'A baker wears a polka dot apron with a cherry pin. Confident in a cozy bakery.', 'A skilled baker in a polka dot apron and cherry pin. Shows confidence and dedication in a well-lit bakery.', 'A skilled baker wearing a polka dot apron with a cherry pin. The confident expression shows expertise and dedication in a well-lit, cozy bakery.', ""A skilled baker wearing a charming polka dot apron adorned with a delicate cherry pin. The apron features classic black and white polka dots, while the shiny cherry pin stands out with its vibrant red hue. The baker's confident expression reflects expertise and dedication in a well-lit, cozy bakery setting.""]",Part Relation
111,A knight with a feather plume helmet standing by a stone tower.,"['A knight in shining armor stands by a stone turret.', 'A knight in armor with a feathered helmet stands by a stone turret.', 'A knight with gleaming armor and a feathered helmet stands by an ancient stone turret.', 'A valiant knight in gleaming armor, with a feathered helmet, stands beside a towering, ancient stone turret, capturing his imposing stature and dignified presence.', 'A valiant knight, clad in gleaming armor, stands majestically beside a towering, ancient stone turret. The richly adorned helmet, topped with an elegant feather plume, glimmers under the soft light. The scene captures the imposing stature and dignified presence of the knight against the rugged texture of the aged tower walls.']","Part Relation,Spatial Relation"
111,A scientist with a gear-shaped ring in a steampunk lab.,"['A scientist in a steampunk lab with machinery and gadgets.', 'A scientist wearing a gear-shaped ring in a steampunk lab. Dim light with steam and glowing bulbs.', 'A scientist with a brass gear ring in a steampunk lab, surrounded by machinery and glowing bulbs.', 'A focused scientist with a brass gear-shaped ring, in a dimly lit steampunk lab with intricate machinery and glowing bulbs. Steam and light reflect off copper pipes and gears.', 'Prompt: A focused scientist with a brass gear-shaped ring on their finger, surrounded by intricate machinery and elaborate gadgets in a dimly lit steampunk lab. The room buzzes with steam and softly glowing filament bulbs, reflecting off polished copper pipes and gears scattered around wooden worktables.']","Attribute,Part Relation,Scene"
111,A swan with a silver anklet on a crystal lake.,"['A swan glides on a lake.', 'A swan with a silver anklet glides on a lake. Its reflection shimmers as ripples spread.', 'A swan with a silver anklet glides across a crystal lake. Its reflection shimmers, and ripples spread creating calm.', 'A majestic swan with a silver anklet glides on a serene crystal lake, reflecting in the water. Golden sunlight highlights its elegant curves as ripples spread, creating a tranquil atmosphere.', 'A majestic swan with a gleaming silver anklet glides gracefully across a serene crystal lake, its reflection shimmering in the pristine water. The scene is bathed in golden sunlight, highlighting the elegant curves of the swan as gentle ripples spread outward, creating a tranquil, harmonious atmosphere.']","Attribute,Part Relation,Scene"
111,A ninja with a dragon emblem in a bamboo grove.,"['A ninja in dark clothes in a bamboo grove.', 'A ninja in dark attire with a dragon emblem, standing in bamboo grove with light and shadows.', 'A ninja in detailed dark attire with a dragon emblem stands poised in a sunlit bamboo grove, casting shadows.', 'A stealthy ninja in intricately detailed dark attire, with a dragon emblem, stands amidst a sun-dappled bamboo grove. Light and shadows create a mysterious ambiance.', 'A stealthy ninja, clad in dark, intricately detailed attire, bearing a prominent dragon emblem on their chest, stands poised amidst a dense, sun-dappled bamboo grove. Shafts of soft light filter through the towering stalks, casting playful shadows on the forest floor, enhancing the mysterious and serene ambiance.']","Part Relation,Scene"
111,A pirate with a skull earring on a treasure island.,"['A pirate with a skull earring on a treasure island.', 'A pirate with a skull earring stands near a treasure chest, on an island with parrots.', 'A pirate with tattered clothes and a skull earring on a treasure island, with coins and relics spilling from a chest.', 'A rugged pirate with a skull earring in lush island foliage, with golden coins and relics spilling from a chest, waves hitting the shore, and parrots in the sky.', 'A rugged pirate clad in tattered garb, adorned with a shimmering skull earring, stands amidst the lush, untamed foliage of a sun-drenched treasure island. Golden coins and ancient relics spill from a half-buried chest, while waves gently lap against the sandy shore, under a sky dotted with vibrant parrots.']","Part Relation,Scene"
111,A wizard with a starry cape under a full moon.,"['A wizard in a starry cape under a full moon.', 'A wizard with a starry cape stands under a full moon, creating a connected visual.', 'A wizard with a shimmering starry cape stands under a luminous full moon, blending with moonlit surroundings.', 'A mystical wizard in a shimmering starry cape stands under a luminous full moon, with celestial patterns blending with the moonlit atmosphere, creating a harmonious visual connection.', 'A mystical wizard adorned in a shimmering starry cape stands elegantly under a luminous full moon, casting an ethereal glow. The intricate celestial patterns on the cape mirror the night sky, blending seamlessly with the moonlit atmosphere, creating a harmonious visual connection between the wizard and the enchanting surroundings.']","Part Relation,Spatial Relation"
111,A fairy with butterfly wings in a dewy meadow.,"['A fairy with glowing wings in a meadow.', 'A fairy with shimmering wings in a dewy meadow, surrounded by flowers.', 'A delicate fairy with shimmering wings in a dewy meadow, surrounded by pastel wildflowers.', 'In a serene dewy meadow, a delicate fairy flutters with iridescent wings, surrounded by pastel wildflowers.', 'In a serene dewy meadow bathed in morning light, a delicate fairy flutters gracefully. Her intricate butterfly wings shimmer with iridescent hues, glistening with dew droplets. The lush green grass sighs beneath her gentle presence, while soft pastel wildflowers surround her, adding a magical aura to this enchanting scene.']","Attribute,Part Relation,Scene"
111,A cheerleader with a star badge at a sports field.,"['A cheerleader stands on a sports field with a star badge.', 'A cheerleader with a star badge stands on the green field under sunny skies.', 'A cheerleader stands on a vibrant field wearing a star badge, with sunny skies above.', ""A cheerful cheerleader stands proudly on a vibrant sports field, wearing a star-shaped badge. The lush green grass contrasts with sunny skies. Her dynamic pose and confident expression capture the scene's energy."", 'A spirited cheerleader stands proudly at the center of a vibrant sports field, wearing a gleaming star-shaped badge. The lush green grass contrasts with clear, sunny skies. Her dynamic pose and confident expression radiate enthusiasm, capturing the lively energy of the scene around her.']","Part Relation,Scene"
111,A samurai with a silk sash in a cherry blossom garden.,"['A samurai stands in a cherry blossom garden.', 'A samurai in a cherry blossom garden. Silk sash flows. Pink petals blanket the ground.', 'A samurai in a tranquil cherry blossom garden. Silk sash flows in the breeze. Pink petals cover the ground. Sunlight creates shadows on his armor.', ""A solitary samurai stands in a tranquil cherry blossom garden, with a silk sash flowing in the breeze. Pink petals blanket the ground, and sunlight creates shadows on his armor, enhancing the scene's beauty."", ""A solitary samurai stands gracefully in a tranquil cherry blossom garden, adorned with a delicate silk sash flowing in the gentle breeze. The cascading pink petals blanket the ground, creating a serene atmosphere. Sunlight filters through the branches, casting dappled shadows on his traditional armor, enhancing the scene's timeless beauty.""]","Part Relation,Scene"
111,An astronaut with a flag patch drifting in space.,"['An astronaut in space with a colorful flag.', 'An astronaut in a white suit drifts through space with a flag patch. The visor reflects starlight.', 'An astronaut in a white spacesuit with a colorful flag drifts through starry space. The helmet reflects celestial glimmers.', 'An astronaut in a pristine white spacesuit with a colorful flag drifts through the starry void of space. The helmet visor reflects celestial glimmers, adding cosmic wonder.', 'An astronaut in a pristine white spacesuit, adorned with a colorful flag patch on the sleeve, gracefully drifts through the vast, star-speckled void of space. The helmet visor reflects the distant glimmers of celestial bodies, adding a touch of cosmic wonder to the serene scene.']","Attribute,Part Relation,Scene"
111,"A playful kitten with a bell collar on the left, batting at a fluttering butterfly on the right.","['Kitten with silver collar reaches for butterfly.', 'Fluffy kitten with a bell collar reaches for butterfly on the right.', 'Kitten with curious eyes and a bell collar reaches for colorful butterfly. Textures on fur and wings.', 'Playful kitten with bright eyes and a silver bell collar sits on left, reaching paw towards a delicate, colorful butterfly on right. Textures highlight fur and wings in a harmonious moment.', 'A playful, fluffy kitten with bright, curious eyes and a silver bell collar sits on the left, its paw extended towards a delicate, colorful butterfly fluttering gracefully on the right. Rich textures highlight the kitten’s fur and the butterfly’s wings, captured in a harmonious moment of wonder and play.']","Action Relation,Attribute,Part Relation,Spatial Relation"
111,"A cheerful dog with a frisbee in its mouth on the right, chasing a rolling ball on the left.","['A dog chases a ball on grass.', 'A dog with a frisbee chases a ball on a grass field.', 'A happy dog with a frisbee in its mouth chases a ball across green grass.', 'A joyful dog with bright eyes and a shiny coat, holding a red frisbee, chases a colored ball across a green grass field.', 'A joyful dog with bright eyes and a shiny coat, holding a vibrant red frisbee in its mouth, energetically chases a vividly colored, rolling ball across a lush, green grass field. The dog is positioned on the right, with its focused gaze on the ball to the left.']","Action Relation,Attribute,Part Relation,Spatial Relation"
111,"An eagle with a silver band on its leg on the right, soaring past a towering pine tree on the left.","['An eagle with a band flies past a pine tree.', 'An eagle with a silver band soars past a pine tree, wings outstretched in a clear sky.', 'A majestic eagle with a silver band soars past a lush pine tree, wings outstretched against a clear sky.', 'A majestic eagle with a gleaming silver band on its right leg soars elegantly past a towering, lush pine tree to the left, its wings outstretched against a clear sky.', 'A majestic eagle with a gleaming silver band on its right leg soars elegantly past a towering, lush pine tree to the left, its wings outstretched against a clear sky, capturing the essence of freedom and grace amidst a serene natural backdrop.']","Action Relation,Attribute,Part Relation,Spatial Relation"
111,A golden retriever sitting to the left of a blue picket fence.,"['A golden retriever by a blue fence.', 'A golden retriever with shiny coat sits by a blue fence under clear skies and greenery.', 'A golden retriever with a shiny coat sits by a vibrant blue fence, surrounded by clear skies and greenery.', 'A friendly golden retriever with a shiny coat and wagging tail sits playfully by a vibrant blue picket fence, against clear skies and lush greenery in dappled sunlight.', 'A friendly golden retriever, with a shiny coat and wagging tail, sits playfully to the left of a vibrant blue picket fence. The scene is set against a backdrop of clear skies, lush greenery, and dappled sunlight, creating a picturesque and heartwarming setting teeming with charm and warmth.']","Action Relation,Attribute,Spatial Relation"
111,A small pond with a single swan gliding towards the left.,"['A swan gliding on a pond with greenery.', 'A swan moves through shimmering waters, surrounded by greenery and reflections.', 'A swan glides on a pond surrounded by lush greenery, with white feathers contrasting against blues and greens.', 'A swan gliding elegantly on shimmering waters, surrounded by reflections and greenery, with white feathers contrasting the tranquil setting.', ""A serene pond scene with a graceful swan gliding elegantly to the left through shimmering waters. Surrounded by lush greenery and soft reflections, the swan's white feathers contrast against the deep blues and greens of the tranquil setting, capturing a moment of peaceful elegance.""]","Action Relation,Attribute,Scene,Spatial Relation"
111,A white sailboat drifting towards the left on a calm lake.,"['A sailboat on a calm lake, with reflection.', 'A white sailboat drifts left on a lake, with a reflection. Sunlight enhances the scene.', ""A white sailboat drifts left on a serene lake, reflecting in the water. Golden sunlight enhances the boat's elegant silhouette against lush green shoreline and blue sky."", ""A pristine white sailboat drifts across a serene, glass-like lake, its reflection shimmering. Golden sunlight casts shadows and enhances the boat's silhouette against a lush shoreline and azure sky."", ""A pristine white sailboat gracefully drifts to the left across a serene, glass-like lake, its reflection shimmering in the tranquil water. Soft, golden sunlight bathes the scene, casting gentle shadows and enhancing the boat's elegant silhouette against a backdrop of lush, verdant shoreline and azure sky.""]","Action Relation,Attribute,Scene,Spatial Relation"
111,A single red rose in a vase on the right side of a windowsill.,"['A red rose in a glass vase on a windowsill.', 'A red rose in a glass vase on a sunlit windowsill with shadows and golden rays.', 'A red rose with velvety petals in a clear vase on a sunlit windowsill, casting shadows through sheer curtains.', 'A vibrant red rose with velvety petals in an elegant glass vase on a sunlit windowsill, casting delicate shadows and highlighted by golden rays through sheer curtains.', 'Enhanced Prompt: A vibrant, deep red rose with velvety petals stands gracefully in an elegant, clear glass vase, positioned on the right side of a sunlit windowsill, casting delicate shadows as golden rays filter through sheer curtains, highlighting its rich hue and delicate form in a serene, inviting setting.']","Attribute,Spatial Relation"
111,A blue mailbox standing to the left of a winding garden path.,"['A blue mailbox by a garden path with sunlight.', 'A vintage blue mailbox on a path. Sunlight casts shadows on greenery.', 'An ornate blue mailbox by a garden path with sun and shadows. Surrounded by greenery and blossoms.', 'An ornate vintage blue mailbox stands by a winding garden path, surrounded by lush greenery and vibrant blossoms. Sunlight through trees casts dappled shadows on the path, creating a serene garden scene.', 'An ornate, vintage blue mailbox stands proudly to the left of a charming, winding garden path, flanked by lush greenery and vibrant blossoms. Sunlight filters through the tall trees overhead, casting gentle, dappled shadows that dance upon the well-tended path, creating a serene and picturesque garden scene.']","Attribute,Scene,Spatial Relation"
111,A snowy owl perched to the right on a frost-covered branch.,"['A snowy owl on a frosty branch.', 'A snowy owl on a frosty branch in a wintry forest.', 'Snowy owl on a frosty branch, white feathers contrasting a wintry forest.', 'A snowy owl perched on a frost-covered branch, white feathers shimmering against a wintry forest backdrop.', 'A majestic snowy owl gracefully perched on the right side of a frost-covered branch, its striking white feathers shimmering against the subtle blues and grays of a wintry forest backdrop, capturing the serene beauty and intricate patterns of the frosty surroundings while exuding a sense of quiet vigilance.']","Action Relation,Attribute,Spatial Relation"
111,A vintage clock on a mantelpiece leaning slightly to the left.,"['A vintage clock on a wooden mantelpiece.', 'A vintage clock with intricate details on a wooden mantelpiece. Warm light highlights its brass finish.', 'An ornate vintage clock with intricate details is on a mantelpiece. Warm lighting highlights its aged brass finish and casts a shadow, creating a nostalgic atmosphere.', 'An ornate vintage clock with intricate detailing is on a rustic wooden mantelpiece, leaning slightly. Warm lighting highlights its aged brass finish, casting a shadow, enhancing the timeless atmosphere.', 'A classic, ornate vintage clock with intricate detailing, elegantly positioned on a rustic wooden mantelpiece, leaning slightly to the left. The warm, ambient lighting highlights its aged, brass finish, casting a soft shadow onto the surface, enhancing the nostalgic, timeless atmosphere of the scene.']","Action Relation,Attribute,Spatial Relation"
111,A cat sitting to the left of a bookshelf.,"['A black cat with green eyes on a cushion beside a bookshelf.', 'A black cat with green eyes sits on a cushion by a bookshelf filled with books and statuettes. A lamp lights the scene.', ""A sleek black cat with green eyes sits on a plush cushion next to a bookshelf with books and statuettes, under a lamp's warm glow."", 'A sleek, black cat with green eyes sits gracefully on a plush cushion beside a bookshelf filled with books and statuettes, under the warm glow of a lamp.', 'A sleek, black cat with piercing green eyes sits gracefully on a plush cushion beside the left side of a towering wooden bookshelf filled with colorful, leather-bound books and intricate statuettes, casting soft shadows under the warm glow of a vintage lamp illuminating the cozy scene.']","Action Relation,Spatial Relation"
111,A crystal-clear lake reflecting a mountainous landscape.,"['A clear lake reflecting mountains and sky.', 'A clear lake reflecting mountains. Green forests and golden sunlight create a picturesque view.', 'A lake reflects mountains and sky. Green forests surround it, with golden sunlight creating a picturesque view.', 'A serene, crystal-clear lake reflects a mountainous landscape. Lush forests surround the lake, with golden sunlight and fluffy clouds in the sky, creating an idyllic view.', 'A serene, crystal-clear lake perfectly reflecting a majestic mountainous landscape, where towering peaks touch the sky. The scene is enhanced by lush green forests surrounding the lake, golden sunlight casting a warm glow, and a blue sky dotted with fluffy, white clouds, creating an idyllic, picturesque view.']","Action Relation,Attribute,Scene"
111,A row of colorful townhouses on a sunny street.,"['Colorful townhouses on a sunny street.', 'Vivid townhouses with unique architecture on a sunny cobblestone street. Flowers in windows.', 'Colorful townhouses on sunlit cobblestone street. Unique architecture with flower-filled windows.', 'Row of painted townhouses with unique details on a sun-drenched cobblestone street. Shadows highlight textures. Flowers add nature.', 'Distinctive row of vividly painted townhouses, each with unique architectural details, lining a sun-drenched cobblestone street. Sunlight casts soft, warm shadows, highlighting the rich textures and vibrant colors of the facades. Lush window boxes overflow with blooming flowers, adding a touch of nature to the urban setting.']","Attribute,Scene"
111,An ancient scroll unrolled on a wooden desk.,"['An ancient scroll on a wooden desk in sunlight.', 'An aged scroll on a desk with sunlight highlighting calligraphy and illustrations.', 'An intricately detailed ancient scroll on a polished desk, with sunlight showcasing calligraphy and illustrations.', 'An intricately detailed ancient scroll on a polished wooden desk, under sunlight that highlights exquisite calligraphy and faded illustrations. The desk, carved with ornate patterns, adds historical significance.', 'An intricately detailed ancient scroll, its parchment aged and textured, is unfurled across a polished wooden desk. Golden rays of sunlight filter through a nearby window, highlighting exquisite calligraphy and faded illustrations. The desk, beautifully carved with ornate patterns, creates an atmosphere of historical significance and timeless knowledge.']","Action Relation,Attribute,Spatial Relation"
111,A hammock strung between two palm trees on a beach.,"['A hammock sways between palm trees on a beach with turquoise ocean.', 'A hammock between palm trees on a sandy beach. Turquoise ocean shimmers. Sunlight creates shadows.', 'A cozy hammock sways between tall palm trees on a sandy beach. The turquoise ocean shimmers in the background. Sunlight casts shadows across the hammock.', 'A cozy hammock gently sways between two tall, lush palm trees on a pristine sandy beach, the vibrant turquoise ocean shimmering in the background. Sunlight filters through the palm fronds, casting playful shadows across the hammock. The scene evokes a serene and tropical paradise, inviting relaxation and tranquility.', 'A cozy hammock gently swaying between two tall, lush palm trees on a pristine sandy beach, the vibrant turquoise ocean shimmering in the background. Sunlight filters through the palm fronds, casting playful shadows across the hammock. The scene evokes a serene and tropical paradise, inviting relaxation and tranquility.']","Action Relation,Scene,Spatial Relation"
111,A narrow alleyway illuminated by strings of fairy lights.,"['A cobblestone alleyway with fairy lights.', 'A cobblestone alleyway lit by fairy lights, with weathered bricks and shutters.', 'A narrow alleyway with fairy lights casting a warm glow on bricks and shutters.', 'A narrow cobblestone alleyway illuminated by fairy lights, casting a warm glow on brick walls and wooden shutters, creating a magical atmosphere.', 'A narrow cobblestone alleyway softly illuminated by strings of twinkling fairy lights, casting a warm, ethereal glow. The lights dance across weathered brick walls and the aged wooden shutters of quaint, charming storefronts, creating a magical and inviting atmosphere under the dark, starry night sky.']","Attribute,Scene"
111,A star-filled sky over a desert campsite.,"['A starry sky over a desert campsite.', 'A star-filled sky over a desert with a cozy tent and sparse plants.', 'A star-filled sky illuminating a desert campsite. A tent rests amid sparse vegetation.', 'A panorama of a star-filled night sky casting a glow on a desert campsite, with a cozy tent amid sparse vegetation.', 'A breathtaking panorama of a star-filled night sky illuminating a tranquil desert campsite. The infinite galaxies flicker above, casting a gentle glow on the serene, sandy landscape, where a cozy tent rests amid sparse vegetation. The scene exudes a sense of peaceful solitude and awe-inspiring natural beauty.']","Attribute,Scene"
111,A red bicycle against a blue wall.,"['A red bicycle against a blue wall.', 'A vintage red bicycle with chrome against a blue wall. Sunlight highlights colors.', 'A vintage red bicycle with chrome details against a vivid blue wall. Sunlight casts shadows, highlighting contrasts.', 'A vintage red bicycle with chrome details against a vividly painted blue wall. Sunlight casts gentle shadows, creating a striking scene of balance and harmony.', 'A vintage red bicycle with gleaming chrome details, artistically positioned against a vividly painted blue wall, with sunlight casting gentle shadows to highlight the contrast in colors, creating a visually striking scene of balance and harmony in an urban setting.']","Attribute,Spatial Relation"
111,"Worn-out boots sit on a muddy path, the dense forest looming around them.","['Old leather boots on a muddy path in a forest.', 'Old boots on a muddy path in a dense forest. Sunlight highlights textured ground.', 'Worn leather boots on a muddy path in a forest. Sunlight casts shadows and textures.', 'Dusty leather boots on a muddy path in a dense forest. Sunlight streams through the canopy, casting shadows and highlighting the textured ground, evoking abandoned travel.', 'Dusty, worn-out leather boots rest quietly on a muddy path, partially submerged, surrounded by a dense, towering forest. Sunlight streams through the thick canopy, casting intricate shadows and highlighting the textured ground. The boots, with frayed laces and scuffed surfaces, evoke a sense of abandoned travel in this secluded wilderness.']","Attribute,Scene,Spatial Relation"
111,"A bright yellow taxi parked in front, a tall glass building rising behind it amidst clouds.","['A yellow taxi in front of a glass skyscraper.', 'Yellow taxi contrasts with glass skyscraper under clouds. Sunlight reflects off the skyscraper.', 'Yellow taxi parked against a towering glass skyscraper amidst clouds. Sunlight enhances urban atmosphere.', 'A vibrant yellow taxi parked in the foreground, contrasting with a towering glass skyscraper behind it amidst white clouds in a city. Sunlight reflects off the glass, enhancing the urban atmosphere.', 'A vibrant yellow taxi parked prominently in the foreground, contrasting sharply with the towering glass skyscraper behind it, which looms majestically amidst billowing white clouds in a bustling city setting. Sunlight reflects off the gleaming glass surface, enhancing the modern and dynamic urban atmosphere.']","Action Relation,Attribute,Scene,Spatial Relation"
111,"A vibrant mural depicts a giant parrot, urban apartment buildings serving as its canvas.","['A mural with a colorful parrot on an apartment building.', ""A vibrant parrot mural on urban apartment walls shows nature's contrast with the city."", 'A parrot mural on apartment buildings blends nature with urban life, showing striking contrast and harmony.', ""A vibrant mural of a giant, colorful parrot adorns urban apartment buildings, intertwining nature with city life. The parrot's bold feathers vividly contrast the urban backdrop, creating visual harmony between natural beauty and urban architecture."", 'A vibrant mural featuring a giant, brilliantly-colored parrot adorns the side of urban apartment buildings, seamlessly intertwining nature with city life. The bold feathers of the parrot contrast vividly against the urban backdrop, creating a striking visual harmony that embodies the dynamic relationship between natural beauty and urban architecture.']","Action Relation,Attribute,Spatial Relation"
111,"A whimsical garden features glowing flowers, luminescent stones lining the pathway beneath.","['A garden with glowing flowers and stones.', 'A garden with glowing flowers and stones lining a magical path.', 'A whimsical garden with glowing flowers and stones lining a magical trail through greenery.', 'In a whimsical garden, glowing flowers bloom in clusters, casting an ethereal glow. Luminescent stones line the winding path, creating a magical trail through lush greenery. The atmosphere is serene and dreamlike.', 'In a whimsical garden, vibrant glowing flowers bloom in enchanting clusters, casting a soft, ethereal glow across the scene. Luminescent stones artfully line the winding pathway below, creating a magical trail through the lush greenery. The atmosphere is serene and dreamlike, with a harmonious blend of light and nature.']","Attribute,Scene,Spatial Relation"
111,A cat lounging lazily on a sunny windowsill.,"['A tabby cat basking on a sunlit windowsill.', 'A fluffy tabby cat on a sunlit windowsill with soft fur shining.', 'A fluffy tabby cat content on a sunlit windowsill. Warm light through curtains adds shadows.', 'A fluffy cat enjoys a sunlit windowsill, fur shining in light streaming through sheer curtains, casting shadows.', 'A fluffy tabby cat basking contentedly on a warm, sunlit windowsill, soft fur shimmering in the golden daylight; framed by the gentle glow streaming through sheer curtains, casting delicate shadows and illuminating the cozy nook where this serene feline luxuriates in its peaceful surroundings.']","Attribute,Spatial Relation"
111,"A painter delicately brushing color onto a canvas in a bright, airy studio.","['Painter applies bright colors in a sunlit studio.', 'Painter uses bright colors on a canvas in sunlit studio with paint and brushes.', 'Painter applies vibrant colors on canvas in a bright studio filled with paint tubes and brushes, capturing creativity.', 'Painter meticulously applies vibrant hues onto canvas in sunlit studio with paint tubes and brushes, in an inspiring, creative environment.', 'A skilled painter meticulously applying vibrant hues onto a large canvas in a spacious, sunlit studio filled with natural light streaming through generous windows, surrounded by an array of colorful paint tubes and brushes, capturing a sense of creative inspiration and artistic focus in a serene environment.']","Action Relation,Attribute,Scene"
111,A chef fervently preparing sushi in a bustling kitchen.,"['A chef making sushi in a busy kitchen.', 'A chef crafts sushi rolls quickly in a lively kitchen.', 'A chef expertly crafts sushi rolls with fresh fish, delicate ingredients in a busy, vibrant kitchen.', 'A skilled chef meticulously crafts sushi rolls, capturing intricate movements in a vibrant, bustling kitchen with the aroma of Japanese cuisine.', ""A skilled chef meticulously crafting sushi rolls in a vibrant, bustling kitchen. The scene captures the intricate, swift movements of the chef's hands as they expertly slice fresh fish and arrange delicate ingredients. The kitchen is alive with dynamic activity, ambient sounds, and the rich aroma of Japanese cuisine.""]","Action Relation,Attribute,Scene"
111,A vintage car cruising down a coastal road at sunset.,"['A vintage car on a coastal road with a sunset backdrop.', 'A vintage car glides on a coastal road at sunset. Ocean waves crash against cliffs.', 'A polished vintage car on a coastal road at sunset, with ocean cliffs and waves in the background.', 'A vintage car smoothly glides down a winding coastal road at sunset, casting shadows. Ocean waves crash gently against cliffs, creating a serene backdrop.', 'A classic, polished vintage car glides smoothly down a winding coastal road, casting long, dramatic shadows as the warm hues of the sunset paint the sky. The ocean waves crash gently against the rugged cliffs, creating a picturesque and serene backdrop for the elegant drive.']","Action Relation,Attribute,Scene"
111,A group of children playing hide-and-seek in a blooming garden.,"['Children play hide-and-seek in a garden with flowers.', 'Children play in a flower-filled garden. Sunlight shines through leaves.', 'Children play hide-and-seek in a colorful garden. Sunlight creates shadows among flowers and rocks.', 'In a vibrant garden, children play hide-and-seek among flowers. Sunlight filters through foliage, casting shadows. They play near sunflowers, rose bushes, and mossy rocks.', 'In a vibrant, blooming garden overflowing with colorful flowers, a diverse group of children joyfully play hide-and-seek. Sunlight filters through the lush green foliage, casting playful shadows. Their faces radiate excitement and anticipation as they dart behind towering sunflowers, fragrant rose bushes, and climb over moss-covered rocks, enhancing the lively scene.']","Action Relation,Attribute,Scene"
111,"A librarian shelving books in a quiet, expansive library.","['Librarian shelves books in a library with tall shelves.', 'Librarian organizes books in a library with tall shelves. Warm light and garden view enhance peace.', 'Librarian shelves books in a serene library with tall wooden shelves. Warm lighting and garden view enhance the peaceful atmosphere.', 'A librarian methodically shelves books in a serene, expansive library with wooden shelves. Warm lighting highlights precise movements. Vast windows show a tranquil garden, enhancing the peaceful atmosphere.', ""A dedicated librarian methodically shelves books in a serene, expansive library. Soaring wooden shelves tower around, laden with countless volumes. Warm, ambient lighting bathes the scene in a soft glow, highlighting the librarian's precise movements. The library's vast windows reveal glimpses of a tranquil garden outside, enhancing the peaceful atmosphere.""]","Action Relation,Attribute,Scene"
111,An astronaut floating gracefully in the vastness of space outside a spacecraft.,"['An astronaut floats in space with stars and Earth.', ""An astronaut floats in space. Stars and Earth's horizon form a backdrop. Sunlight highlights the visor."", ""An astronaut, tethered to a spacecraft, floats in space. Stars and Earth's horizon surround them. Sunlight enhances the visor's reflection."", ""An astronaut, tethered to a spacecraft, floats amidst stars and Earth's curved horizon. Sunlight casts highlights on the visor, enhancing the serene atmosphere."", ""An astronaut, tethered to a spacecraft, floats gracefully amidst a backdrop of distant stars and the haunting beauty of Earth's curved horizon. The sun casts radiant highlights on the astronaut’s reflective visor, enhancing the serene atmosphere of the infinite void surrounding them.""]","Action Relation,Attribute,Scene,Spatial Relation"
111,A little girl tuning a guitar before a concert in a dimly lit venue.,"['A girl tuning her guitar in a dim venue.', 'A girl adjusts guitar strings, dim lights casting shadows. She is focused on the upcoming performance.', 'A girl tunes her guitar in a dim venue, ambient lights casting shadows. She is focused on her performance.', 'A young girl tuning her acoustic guitar in a cozy, dimly lit venue. Soft lighting reveals anticipation in her focused eyes, with the stage set for her performance.', 'A young girl meticulously tuning her acoustic guitar, her fingers delicately adjusting the strings in a cozy, dimly lit concert venue. Soft, ambient lighting casts gentle shadows, revealing the anticipation in her focused eyes as the stage behind her is set for her upcoming performance.']","Action Relation,Attribute,Scene"
111,A pencil holder with more pens than pencils.,"['A pencil holder with colorful pens and few wooden pencils.', 'A pencil holder overflowing with colorful pens and few wooden pencils, arranged neatly.', 'A vibrant pencil holder with various colorful pens, contrasting with a few wooden pencils, arranged in an organized manner.', 'A vibrant and contemporary pencil holder overflowing with colorful pens of different hues and designs, contrasted by a few classic wooden pencils, all neatly arranged.', 'A tabletop display with a vibrant and contemporary pencil holder overflowing with various colorful pens in different hues, thicknesses, and designs, contrasting against a few classic wooden pencils, all arranged in an organized manner, emphasizing the abundance of pens compared to the sparse pencils.']","nan,Comparison"
111,A building with more doors than windows.,"['A modern skyscraper with many doors and few windows.', 'A sleek skyscraper with artistic door patterns and few windows.', 'A contemporary skyscraper with many doors arranged artistically, contrasting few windows.', 'A sleek, contemporary skyscraper dominates the skyline, featuring a facade with an unusual architectural design; its numerous doors are arranged in artistic patterns, outnumbering the few elegantly positioned windows, showcasing modern urban architecture.', 'A sleek, contemporary skyscraper dominates the skyline, featuring a striking facade with an unusual architectural design; its numerous doors, skillfully arranged in artistic patterns, far outnumber the few elegantly positioned windows, creating a captivating visual contrast that highlights the modernity and creativity of urban architecture.']","nan,Comparison"
111,"A couple, with the taller one hugging the shorter one from behind.","['A couple, with one embracing the other, under soft light.', 'A taller person embraces a shorter one under soft light, showing their close relationship.', 'A taller person hugs a shorter one from behind under glowing light. Their differing heights highlight their closeness.', 'A taller person gently embraces a shorter one from behind under soft, glowing light, emphasizing their close relationship against a warmly lit backdrop.', ""A tender scene depicts a couple, the taller one embracing the shorter one from behind under a soft, glowing light. The taller's protective yet gentle hold emphasizes their close relationship, contrasting their differing heights. The backdrop of a serene, warmly lit setting enhances the intimate ambiance, highlighting the emotional connection.""]","Action Relation,Attribute,Spatial Relation,Comparison,Differentiation"
111,The sky teems with more birds than the number of fish visible in the lake below.,"['Sky with many birds above a calm lake with fish.', 'A lively sky full of birds contrasts a serene lake with fewer fish.', 'A sky filled with countless birds dances above a calm, fish-dotted lake, showing a dynamic contrast.', 'A vast sky filled with countless birds contrasts a serene lake below, where fewer fish ripple its surface, highlighting the difference between the bustling sky and tranquil waters.', 'Enhanced Prompt: A vast sky filled with countless birds contrasts against a serene lake below, where fewer fish ripple beneath its surface. The aerial dance of birds creates a dynamic scene, emphasizing the striking difference between the bustling sky and the tranquil, fish-dotted waters beneath.']","Scene,Spatial Relation,Comparison"
111,"On the party table, chocolate chip cookies outnumber the frosted cupcakes.","['A party table with many desserts and lots of chocolate chip cookies.', 'A party table with many desserts. Lots of chocolate chip cookies are more than the cupcakes.', 'A vibrant party table with desserts. A stack of chocolate chip cookies is bigger than the frosted cupcakes.', 'A vibrant party table showcases desserts. A stack of golden chocolate chip cookies takes center stage, larger than the delicate frosted cupcakes.', ""Enhanced Prompt: A vibrant party table showcases an array of desserts. Overpowering the scene, a heaping stack of golden chocolate chip cookies takes center stage, dwarfing the nearby delicate frosted cupcakes. The cookies' rich texture and chocolate specks contrast with the cupcakes' colorful icing, highlighting their superior quantity through spatial dominance.""]","Spatial Relation,Comparison"
111,A table setting with fewer forks than bowls.,"['A simple table setting with a fork and bowls.', 'A table with a polished fork and porcelain bowls on a white cloth.', 'A minimalist table with a silver fork and pastel bowls on a white cloth, creating balance.', 'A minimalist table setting with a polished silver fork and pastel porcelain bowls on a white tablecloth, emphasizing simplicity and style.', 'A minimalist table setting with an elegant arrangement: one polished silver fork, accompanied by three delicate porcelain bowls in soft pastel colors, carefully placed on a crisp, white tablecloth. The contrasting elements emphasize simplicity and style, creating a serene dining atmosphere with harmonious balance.']","nan,Comparison"
111,"In a gym, there are two people: the one closer to the table is resting, while the one further away from the table is lifting weights.","['In a gym, two people in different workout clothes. One rests, the other lifts weights.', 'Two people in a minimalist gym. One rests on a bench, the other lifts weights.', 'In a modern gym, two people. One sits sweating on a bench, the other lifts weights.', 'In a sleek, minimalist gym, two individuals draw focus with contrasting fitness attire. One rests on a bench after a workout, sweating. The other lifts weights, showing muscular definition.', 'In a modern gym with sleek, minimalist design, two individuals with contrasting fitness attire draw focus. In the foreground, one person sits on a bench, sweat glistening, resting after an intense workout. Behind them, another person powerfully lifts weights, showcasing muscular definition and focus in a well-equipped area.']","Action Relation,Attribute,Scene,Spatial Relation,Comparison,Counting,Differentiation"
111,A larger person in yellow clothing and a smaller person in a different color.,"['A tall person in yellow and a short person in blue.', 'A tall person in yellow next to a short person in blue. Their outfits contrast.', 'A tall person in vivid yellow stands by a shorter person in deep blue. Their height and clothes contrast.', 'A joyful person in bright yellow stands beside a relaxed person in deep blue. Their height and attire create a visual contrast against a simple background.', 'A larger, joyful person in a vivid yellow outfit stands beside a smaller, relaxed individual dressed in contrasting deep blue clothing. The scene emphasizes their height and attire differences, highlighting unique characteristics and creating a visual narrative of contrast and harmony against a simple background.']","Attribute,Part Relation,Comparison,Differentiation"
111,An animal with legs notably longer than a nearby person's.,"['A tall animal with long legs compared to a nearby person.', 'A tall animal with long legs stands near a person. It casts a long shadow in the sunset.', 'A tall animal with strikingly long legs stands near a human. Its shadow is long under the setting sun.', 'A majestic animal with strikingly long legs stands gracefully amidst a lush landscape, towering over a nearby person and casting a long shadow under the setting sun.', 'A majestic animal, its legs strikingly elongated compared to a nearby person, stands gracefully amidst a lush, verdant landscape. The creature towers over the human figure, casting a long shadow under the golden glow of the setting sun, emphasizing the stark comparison in their limb proportions.']","Attribute,Part Relation,Spatial Relation,Comparison"
111,A forest landscape with more birds in the sky than trees on the ground.,"['A forest with colorful birds and tall trees.', 'A forest with birds soaring gracefully above trees under a blue sky.', 'A forest with colorful birds soaring in formations over ancient trees on lush ground.', 'A picturesque forest landscape with colorful birds under an azure sky, outnumbering majestic trees on verdant ground, creating a scene of harmony and beauty.', ""Enhanced Prompt: A picturesque forest landscape under a vast azure sky, where a multitude of colorful birds soar gracefully in intricate formations, vastly outnumbering the majestic, ancient trees standing tall on the lush, verdant ground, creating a breathtaking scene of nature's harmony and awe-inspiring beauty.""]","Scene,Comparison"
